method,match_rate,extreme_hit_rate,avg_elim_judge_rank,avg_elim_fan_rank,avg_elim_rank_gap,n_weeks,n_extreme_weeks
Rank,0.5638297872340425,0.029850746268656716,7.156398104265403,6.691943127962086,2.1516587677725116,188,67
Percent,0.7659574468085106,0.19402985074626866,6.327014218009479,7.104265402843602,2.9668246445497632,188,67
Dynamic+JudgeSave,0.5425531914893617,0.14925373134328357,5.800947867298579,7.630331753554502,2.7014218009478674,188,67
Uncertainty+Geometric,0.6808510638297872,0.208955223880597,6.180094786729858,7.056872037914692,3.3507109004739335,188,67
