R2_base_only_scores,R2_add_traits,R2_add_pro,delta_R2_traits,delta_R2_pro,effect_mj_z_weeks,effect_mp_z_weeks,effect_age_z_weeks
0.908609299353618,0.9166316127799894,0.9238657297248475,0.008022313426371386,0.007234116944858093,1.5168156792857703,1.7733004227859435,-0.203317752663428
